Neighborhoods,Address,Location,Coordinates,Latitude,Longitude
Alexandra Park,Alexandra ParkTorontoCanada,,,,
Allenby,AllenbyTorontoCanada,,,,
The Annex,The AnnexTorontoCanada,,,,
The Beaches,The BeachesTorontoCanada,,,,
Bedford Park,Bedford ParkTorontoCanada,,,,
Bickford Park,Bickford ParkTorontoCanada,,,,
Bloor West Village,Bloor West VillageTorontoCanada,,,,
Bloor Street Culture Corridor,Bloor Street Culture CorridorTorontoCanada,,,,
Bloordale Village,Bloordale VillageTorontoCanada,,,,
Bracondale Hill,Bracondale HillTorontoCanada,,,,
Brockton Village,Brockton VillageTorontoCanada,,,,
Cabbagetown,CabbagetownTorontoCanada,,,,
Carleton Village,Carleton VillageTorontoCanada,,,,
Casa Loma,Casa LomaTorontoCanada,,,,
Chaplin Estates,Chaplin EstatesTorontoCanada,,,,
Chinatown,ChinatownTorontoCanada,,,,
First Chinatown,First ChinatownTorontoCanada,,,,
Christie Pits,Christie PitsTorontoCanada,,,,
Church and Wellesley,Church and WellesleyTorontoCanada,,,,
CityPlace,CityPlaceTorontoCanada,,,,
Corktown,CorktownTorontoCanada,,,,
Corso Italia,Corso ItaliaTorontoCanada,,,,
Corso Italia-Davenport,Corso Italia-DavenportTorontoCanada,,,,
Davenport,DavenportTorontoCanada,,,,
Davisville Village,Davisville VillageTorontoCanada,,,,
Deer Park,Deer ParkTorontoCanada,,,,
Discovery District,Discovery DistrictTorontoCanada,,,,
Distillery District,Distillery DistrictTorontoCanada,,,,
Downtown Yonge,Downtown YongeTorontoCanada,,,,
Dovercourt Park,Dovercourt ParkTorontoCanada,,,,
Dufferin Grove,Dufferin GroveTorontoCanada,,,,
Earlscourt,EarlscourtTorontoCanada,,,,
East Bayfront,East BayfrontTorontoCanada,,,,
East Chinatown,East ChinatownTorontoCanada,,,,
East Danforth,East DanforthTorontoCanada,,,,
East Toronto,East TorontoTorontoCanada,,,,
Entertainment District,Entertainment DistrictTorontoCanada,,,,
Fashion District,Fashion DistrictTorontoCanada,,,,
Financial District,Financial DistrictTorontoCanada,,,,
Forest Hill,Forest HillTorontoCanada,,,,
Garden District,Garden DistrictTorontoCanada,,,,
Gerrard India Bazaar,Gerrard India BazaarTorontoCanada,,,,
Grange Park,Grange ParkTorontoCanada,,,,
Greektown,GreektownTorontoCanada,,,,
Harbord Village,Harbord VillageTorontoCanada,,,,
Harbourfront,HarbourfrontTorontoCanada,,,,
High Park North,High Park NorthTorontoCanada,,,,
The Junction,The JunctionTorontoCanada,,,,
Junction Triangle,Junction TriangleTorontoCanada,,,,
Kensington Market,Kensington MarketTorontoCanada,,,,
Koreatown,KoreatownTorontoCanada,,,,
Lawrence Park,Lawrence ParkTorontoCanada,,,,
Leslieville,LeslievilleTorontoCanada,,,,
Liberty Village,Liberty VillageTorontoCanada,,,,
Little Italy,Little ItalyTorontoCanada,,,,
Little Portugal,Little PortugalTorontoCanada,,,,
Little Tibet,Little TibetTorontoCanada,,,,
Lytton Park,Lytton ParkTorontoCanada,,,,
Midtown,MidtownTorontoCanada,,,,
Moore Park,Moore ParkTorontoCanada,,,,
Moss Park,Moss ParkTorontoCanada,,,,
Niagara,NiagaraTorontoCanada,,,,
North Toronto,North TorontoTorontoCanada,,,,
Norway,NorwayTorontoCanada,,,,
Old Town,Old TownTorontoCanada,,,,
Palmerston,PalmerstonTorontoCanada,,,,
Parkdale,ParkdaleTorontoCanada,,,,
Playter Estates,Playter EstatesTorontoCanada,,,,
Port Lands,Port LandsTorontoCanada,,,,
Quayside,QuaysideTorontoCanada,,,,
Queen Street West,Queen Street WestTorontoCanada,,,,
Railway Lands,Railway LandsTorontoCanada,,,,
Regent Park,Regent ParkTorontoCanada,,,,
Riverdale,RiverdaleTorontoCanada,,,,
Roncesvalles,RoncesvallesTorontoCanada,,,,
Rosedale,RosedaleTorontoCanada,,,,
Runnymede,RunnymedeTorontoCanada,,,,
St. James Town,St. James TownTorontoCanada,,,,
St. Lawrence,St. LawrenceTorontoCanada,,,,
Seaton Village,Seaton VillageTorontoCanada,,,,
South Hill,South HillTorontoCanada,,,,
South Core,South CoreTorontoCanada,,,,
Summerhill,SummerhillTorontoCanada,,,,
Swansea,SwanseaTorontoCanada,,,,
Toronto Islands,Toronto IslandsTorontoCanada,,,,
Trefann Court,Trefann CourtTorontoCanada,,,,
Trinity-Bellwoods,Trinity-BellwoodsTorontoCanada,,,,
Upper Beaches,Upper BeachesTorontoCanada,,,,
Uptown Toronto,Uptown TorontoTorontoCanada,,,,
Wallace Emerson,Wallace EmersonTorontoCanada,,,,
The Ward,The WardTorontoCanada,,,,
West Don Lands,West Don LandsTorontoCanada,,,,
Wychwood Park,Wychwood ParkTorontoCanada,,,,
Yonge–Eglinton,Yonge–EglintonTorontoCanada,,,,
Yorkville,YorkvilleTorontoCanada,,,,
Agincourt,AgincourtTorontoCanada,,,,
Armadale,ArmadaleTorontoCanada,,,,
Bendale,BendaleTorontoCanada,,,,
Birch Cliff,Birch CliffTorontoCanada,,,,
Brown's Corners,Brown's CornersTorontoCanada,,,,
Clairlea,ClairleaTorontoCanada,,,,
Cliffcrest,CliffcrestTorontoCanada,,,,
Cliffside,CliffsideTorontoCanada,,,,
Dorset Park,Dorset ParkTorontoCanada,,,,
Eglinton East,Eglinton EastTorontoCanada,,,,
Golden Mile,Golden MileTorontoCanada,,,,
Guildwood,GuildwoodTorontoCanada,,,,
Highland Creek,Highland CreekTorontoCanada,,,,
Ionview,IonviewTorontoCanada,,,,
L'Amoreaux,L'AmoreauxTorontoCanada,,,,
Malvern,MalvernTorontoCanada,,,,
Maryvale,MaryvaleTorontoCanada,,,,
Milliken,MillikenTorontoCanada,,,,
Morningside,MorningsideTorontoCanada,,,,
Morningside Heights,Morningside HeightsTorontoCanada,,,,
Oakridge,OakridgeTorontoCanada,,,,
Port Union,Port UnionTorontoCanada,,,,
Rouge,RougeTorontoCanada,,,,
Scarborough City Centre,Scarborough City CentreTorontoCanada,,,,
Scarborough Junction,Scarborough JunctionTorontoCanada,,,,
Scarborough Village,Scarborough VillageTorontoCanada,,,,
Steeles,SteelesTorontoCanada,,,,
Tam O'Shanter-Sullivan,Tam O'Shanter-SullivanTorontoCanada,,,,
West Hill,West HillTorontoCanada,,,,
West Rouge,West RougeTorontoCanada,,,,
Wexford,WexfordTorontoCanada,,,,
Woburn,WoburnTorontoCanada,,,,
Baby Point,Baby PointTorontoCanada,,,,
Fairbank,FairbankTorontoCanada,,,,
Humewood–Cedarvale,Humewood–CedarvaleTorontoCanada,,,,
Lambton,LambtonTorontoCanada,,,,
Little Jamaica,Little JamaicaTorontoCanada,,,,
Mount Dennis,Mount DennisTorontoCanada,,,,
Oakwood Village,Oakwood VillageTorontoCanada,,,,
Old Mill,Old MillTorontoCanada,,,,
Rockcliffe-Smythe,Rockcliffe-SmytheTorontoCanada,,,,
Silverthorn,SilverthornTorontoCanada,,,,
Tichester,TichesterTorontoCanada,,,,
Weston,WestonTorontoCanada,,,,
Amesbury,AmesburyTorontoCanada,,,,
Armour Heights,Armour HeightsTorontoCanada,,,,
Bathurst Manor,Bathurst ManorTorontoCanada,,,,
Bayview Village,Bayview VillageTorontoCanada,,,,
Bayview Woods-Steeles,Bayview Woods-SteelesTorontoCanada,,,,
Bermondsey,BermondseyTorontoCanada,,,,
Bridle Path,Bridle PathTorontoCanada,,,,
Clanton Park,Clanton ParkTorontoCanada,,,,
Don Mills,Don MillsTorontoCanada,,,,
Don Valley Village,Don Valley VillageTorontoCanada,,,,
Downsview,DownsviewTorontoCanada,,,,
Flemingdon Park,Flemingdon ParkTorontoCanada,,,,
Glen Park,Glen ParkTorontoCanada,,,,
Graydon Hall,Graydon HallTorontoCanada,,,,
Henry Farm,Henry FarmTorontoCanada,,,,
Hillcrest Village,Hillcrest VillageTorontoCanada,,,,
Hoggs Hollow,Hoggs HollowTorontoCanada,,,,
Humber Summit,Humber SummitTorontoCanada,,,,
Humbermede,HumbermedeTorontoCanada,,,,
Jane and Finch,Jane and FinchTorontoCanada,,,,
Lansing,LansingTorontoCanada,,,,
Lawrence Heights,Lawrence HeightsTorontoCanada,,,,
Lawrence Manor,Lawrence ManorTorontoCanada,,,,
Maple Leaf,Maple LeafTorontoCanada,,,,
Newtonbrook,NewtonbrookTorontoCanada,,,,
North York City Centre,North York City CentreTorontoCanada,,,,
Parkway Forest,Parkway ForestTorontoCanada,,,,
Parkwoods,ParkwoodsTorontoCanada,,,,
Pelmo Park-Humberlea,Pelmo Park-HumberleaTorontoCanada,,,,
Pleasant View,Pleasant ViewTorontoCanada,,,,
Rustic,RusticTorontoCanada,,,,
Teddington Park,Teddington ParkTorontoCanada,,,,
Victoria Village,Victoria VillageTorontoCanada,,,,
Westminster-Branson,Westminster-BransonTorontoCanada,,,,
Willowdale,WillowdaleTorontoCanada,,,,
York Mills,York MillsTorontoCanada,,,,
York University Heights,York University HeightsTorontoCanada,,,,
Alderwood,AlderwoodTorontoCanada,,,,
Clairville,ClairvilleTorontoCanada,,,,
Eatonville,EatonvilleTorontoCanada,,,,
The Elms,The ElmsTorontoCanada,,,,
Eringate-Centennial-West Deane,Eringate-Centennial-West DeaneTorontoCanada,,,,
Humber Heights-Westmount,Humber Heights-WestmountTorontoCanada,,,,
Humber Valley Village,Humber Valley VillageTorontoCanada,,,,
Humberwood,HumberwoodTorontoCanada,,,,
Islington-City Centre West,Islington-City Centre WestTorontoCanada,,,,
Kingsview Village,Kingsview VillageTorontoCanada,,,,
The Kingsway,The KingswayTorontoCanada,,,,
Long Branch,Long BranchTorontoCanada,,,,
Markland Wood,Markland WoodTorontoCanada,,,,
Mimico,MimicoTorontoCanada,,,,
New Toronto,New TorontoTorontoCanada,,,,
Princess Gardens,Princess GardensTorontoCanada,,,,
Rexdale,RexdaleTorontoCanada,,,,
Richview,RichviewTorontoCanada,,,,
The Queensway-Humber Bay,The Queensway-Humber BayTorontoCanada,,,,
Smithfield,SmithfieldTorontoCanada,,,,
Thistletown,ThistletownTorontoCanada,,,,
Bermondsey,BermondseyTorontoCanada,,,,
Crescent Town,Crescent TownTorontoCanada,,,,
Governor's Bridge,Governor's BridgeTorontoCanada,,,,
Leaside,LeasideTorontoCanada,,,,
O'Connor-Parkview,O'Connor-ParkviewTorontoCanada,,,,
Old East York,Old East YorkTorontoCanada,,,,
Pape Village,Pape VillageTorontoCanada,,,,
Thorncliffe Park,Thorncliffe ParkTorontoCanada,,,,
